filenames,predictions
example1.jpg,0.5024545192718506
example2.jpg,0.27397698163986206
example3.jpg,0.2507477104663849
example4.jpg,0.5896453857421875
